City,Lat,Lng,Max Temp,Humidity,Cloudiness,Wind Speed,Country,Date
Qui Nhon,13.7667,109.2333,80.17,75,78,5.32,VN,1618531899
Mkushi,-13.6202,29.3939,57.7,83,96,4.65,ZM,1618531906
Avarua,-21.2078,-159.775,84.2,65,14,10.36,CK,1618531913
Faanui,-16.4833,-151.75,82.63,69,33,10.54,PF,1618531919
Bluff,-46.6,168.3333,55.99,69,74,13.0,NZ,1618531926
Snåase,64.2457,12.3778,35.96,99,100,2.04,NO,1618531932
Saint George,37.1041,-113.5841,68.0,14,20,18.41,US,1618531762
Price,39.5994,-110.8107,48.2,34,20,18.41,US,1618531945
Williams Lake,52.1415,-122.1445,66.2,19,20,3.44,CA,1618531952
Ambatondrazaka,-17.8333,48.4167,65.41,98,91,0.45,MG,1618531958
Albany,42.6001,-73.9662,41.0,73,100,4.09,US,1618531965
Kristiansund,63.1115,7.732,37.4,87,94,3.44,NO,1618531757
Ginda,30.6945,78.4932,54.52,32,51,9.19,IN,1618531984
Carnarvon,-24.8667,113.6333,74.43,31,0,16.37,AU,1618531991
Port Hope,43.9408,-82.7127,39.2,93,93,6.91,US,1618531997
Chui,-33.6971,-53.4616,65.59,93,100,3.49,UY,1618531818
Bad Rappenau,49.2406,9.1025,34.0,77,90,5.79,DE,1618532010
Mataura,-46.1927,168.8643,55.99,69,91,13.0,NZ,1618532017
Arai,37.0167,138.25,55.0,46,46,10.22,JP,1618532023
Consolación del Sur,22.5047,-83.5136,78.42,60,27,1.61,CU,1618532036
Semey,50.4111,80.2275,33.8,86,0,4.47,KZ,1618532043
Saskylakh,71.9167,114.0833,1.13,96,97,6.93,RU,1618532049
Port-Gentil,-0.7193,8.7815,82.4,83,40,6.91,GA,1618532056
Hidrolândia,-4.4081,-40.4378,72.45,92,100,2.33,BR,1618532062
New Norfolk,-42.7826,147.0587,55.0,73,44,1.99,AU,1618532069
Villeta,5.0089,-74.4723,60.8,59,20,10.36,CO,1618532082
Nizhniy Odes,63.6445,54.856,27.3,78,35,1.05,RU,1618532088
Rikitea,-23.1203,-134.9692,78.31,72,70,7.99,PF,1618532101
Illapel,-31.6308,-71.1653,67.23,67,1,2.3,CL,1618532109
Araouane,18.9048,-3.5265,85.33,14,15,11.77,ML,1618532115
Polokwane,-23.9045,29.4688,60.8,77,6,3.44,ZA,1618532122
Busselton,-33.65,115.3333,62.01,84,87,3.0,AU,1618532128
Hermanus,-34.4187,19.2345,64.99,63,17,14.0,ZA,1618532003
Kon Tum,14.35,108.0,75.18,75,39,0.98,VN,1618531952
Port Alfred,-33.5906,26.891,64.63,53,92,20.36,ZA,1618532160
Yellowknife,62.456,-114.3525,42.8,52,40,13.8,CA,1618531987
Mount Gambier,-37.8333,140.7667,55.4,62,90,4.61,AU,1618532173
San Luis,-33.295,-66.3356,66.83,60,0,6.38,AR,1618532180
Greymouth,-42.4667,171.2,60.1,83,67,12.64,NZ,1618532186
Ushuaia,-54.8,-68.3,46.4,71,75,6.91,AR,1618531818
Makakilo City,21.3469,-158.0858,82.4,57,75,8.05,US,1618532199
Nanortalik,60.1432,-45.2371,25.75,75,23,45.9,GL,1618532206
Kaitangata,-46.2817,169.8464,49.06,88,73,10.47,NZ,1618532212
Bambous Virieux,-20.3428,57.7575,78.01,100,75,4.61,MU,1618532219
Bredasdorp,-34.5322,20.0403,62.6,67,24,17.27,ZA,1618532225
Bengkulu,-3.8004,102.2655,72.39,93,100,5.97,ID,1618532232
Half Moon Bay,37.4636,-122.4286,64.99,76,1,8.05,US,1618532185
Airai,-8.9266,125.4092,66.81,66,82,2.98,TL,1618532251
Pemberton,50.3164,-122.8027,69.8,16,1,1.66,CA,1618532106
Akdepe,42.0551,59.3788,53.6,37,0,6.91,TM,1618532270
Portland,45.5234,-122.6762,77.0,22,20,10.36,US,1618532012
Amlapura,-8.45,115.6167,82.4,78,20,2.3,ID,1618532283
Cabedelo,-6.9811,-34.8339,75.2,100,20,5.75,BR,1618532290
Alizai,33.5383,70.3462,60.53,72,100,0.76,PK,1618532296
Tasiilaq,65.6145,-37.6368,26.6,100,90,11.34,GL,1618532081
Tual,-5.6667,132.75,83.8,69,87,11.34,ID,1618532309
Muros,42.7762,-9.0603,51.01,61,1,14.0,ES,1618532322
Atuona,-9.8,-139.0333,80.53,70,21,17.11,PF,1618532115
Kapaa,22.0752,-159.319,80.6,57,1,12.66,US,1618532341
Gazimurskiy Zavod,51.5461,118.3266,33.13,47,96,8.61,RU,1618532348
Port Hedland,-20.3167,118.5667,78.8,50,2,12.66,AU,1618532116
Safi,32.2994,-9.2372,62.26,83,1,1.52,MA,1618532361
Harboøre,56.6175,8.1807,37.99,3,12,9.6,DK,1618532374
Grindavik,63.8424,-22.4338,44.6,100,90,17.27,IS,1618532380
Tuktoyaktuk,69.4541,-133.0374,17.6,86,90,14.97,CA,1618532124
Qaanaaq,77.484,-69.3632,0.63,64,1,6.38,GL,1618532393
Castro,-24.7911,-50.0119,59.54,90,88,4.83,BR,1618532399
Hobart,-42.8794,147.3294,55.4,47,20,14.97,AU,1618532215
Dikson,73.5069,80.5464,-9.54,94,100,17.58,RU,1618532146
Médéa,36.2642,2.7539,59.0,82,40,16.11,DZ,1618532418
Katsuura,35.1333,140.3,57.0,61,100,11.9,JP,1618532425
Cape Town,-33.9258,18.4232,66.99,72,0,5.75,ZA,1618531921
Vaini,-21.2,-175.2,76.59,65,59,13.13,TO,1618532444
Baruun-Urt,46.6806,113.2792,28.99,52,93,17.81,MN,1618532451
Ordu,40.9086,37.6845,46.4,100,0,2.3,TR,1618532457
Marrakesh,31.6315,-8.0083,60.8,82,40,4.61,MA,1618532404
Kysyl-Syr,63.8986,122.7617,23.54,89,74,7.27,RU,1618532476
Aklavik,68.2191,-135.0107,26.6,54,75,6.91,CA,1618532206
Lebu,-37.6167,-73.65,54.64,88,31,12.17,CL,1618532489
Freeport,40.6576,-73.5832,48.99,93,90,12.66,US,1618532496
Agüimes,27.9054,-15.4461,68.0,68,40,11.5,ES,1618532503
Fortuna,40.5982,-124.1573,57.99,76,1,16.11,US,1618532509
Provideniya,64.3833,-173.3,17.6,67,90,11.18,RU,1618532516
Lompoc,34.6391,-120.4579,61.0,72,7,12.66,US,1618532522
Otofuke,42.9917,143.2003,44.6,45,75,2.3,JP,1618532541
Hamilton,39.1834,-84.5333,50.0,46,75,12.66,US,1618532554
Zlobin,45.2924,14.6541,44.6,42,0,8.05,HR,1618532561
Nabire,-3.3667,135.4833,83.89,65,97,3.09,ID,1618532567
Sitka,57.0531,-135.33,46.4,81,90,2.46,US,1618532574
Villa Corzo,16.1667,-93.25,95.0,31,75,5.75,MX,1618532580
Narsaq,60.9167,-46.05,30.2,37,75,17.27,GL,1618532587
Hithadhoo,-0.6,73.0833,82.44,67,56,6.6,MV,1618532594
Faya,18.3851,42.4509,62.6,59,20,6.91,SA,1618532600
Basay,9.4087,122.64,82.42,73,100,4.79,PH,1618532607
Caudry,50.1249,3.4119,37.0,81,71,7.11,FR,1618532613
Luga,58.7372,29.8453,37.08,79,99,9.6,RU,1618532620
Devarkonda,16.7,78.9333,77.32,67,3,1.7,IN,1618532627
Puerto Ayora,-0.7393,-90.3518,78.01,94,54,5.06,EC,1618532633
Liberal,37.0431,-100.921,42.8,75,90,17.27,US,1618532646
Pervomayskoye,43.919,46.7102,51.87,60,38,6.24,RU,1618532652
Ribeira Grande,38.5167,-28.7,62.13,87,56,15.28,PT,1618532659
Mar del Plata,-38.0023,-57.5575,68.0,94,0,6.91,AR,1618532395
George Town,5.4112,100.3354,78.8,89,40,1.14,MY,1618532472
Doka,13.5167,35.7667,83.62,8,20,11.74,SD,1618532679
Barrow,71.2906,-156.7887,12.2,79,90,8.05,US,1618532686
Riyadh,24.6877,46.7219,77.0,20,0,3.44,SA,1618532470
Camacha,33.0833,-16.3333,64.4,77,40,13.8,PT,1618532699
Khatanga,71.9667,102.5,14.18,93,100,12.15,RU,1618532705
Chokurdakh,70.6333,147.9167,-4.09,91,47,1.61,RU,1618532712
Port Elizabeth,-33.918,25.5701,62.6,59,75,6.91,ZA,1618532725
Ambon City,-3.6954,128.1814,84.2,74,20,2.3,ID,1618532731
Tuatapere,-46.1333,167.6833,55.99,71,77,15.01,NZ,1618532744
Mahébourg,-20.4081,57.7,75.2,100,75,4.61,MU,1618532751
Pergamino,-33.89,-60.5736,68.0,82,0,4.0,AR,1618532757
Punta Arenas,-53.15,-70.9167,50.0,71,75,10.36,CL,1618532467
Vredendal,-31.6683,18.5012,76.21,42,58,9.19,ZA,1618532770
Hilo,19.7297,-155.09,80.6,54,75,11.5,US,1618532777
Vanimo,-2.6741,141.3028,83.34,69,92,3.27,PG,1618532783
Waddān,29.1614,16.139,72.77,25,90,16.6,LY,1618532790
Qasigiannguit,68.8193,-51.1922,8.6,72,20,6.91,GL,1618532796
Kailua,21.4022,-157.7394,82.4,73,75,14.97,US,1618532752
Nizhniy Kuranakh,58.8353,125.4869,28.36,76,52,11.68,RU,1618532809
Lüderitz,-26.6481,15.1594,77.72,28,78,4.21,NA,1618532816
Zhigansk,66.7697,123.3711,18.0,94,98,15.59,RU,1618532730
Shunyi,40.125,116.6453,57.0,21,0,6.71,CN,1618532829
Torrington,41.8007,-73.1212,39.0,99,100,4.0,US,1618532835
Yumen,40.2833,97.2,41.31,16,0,14.12,CN,1618532848
Tabou,4.423,-7.3528,80.38,82,91,5.21,CI,1618532854
Richards Bay,-28.783,32.0377,72.84,77,49,20.98,ZA,1618532861
Kapit,2.0167,112.9333,75.56,93,86,0.74,MY,1618532867
Yulara,-25.2406,130.9889,64.4,55,61,18.41,AU,1618532874
Laas,46.6166,10.7002,30.99,68,0,3.44,IT,1618532881
Dvinskoy Bereznik,62.8551,42.7072,29.53,91,4,2.8,RU,1618532887
Jamestown,42.097,-79.2353,37.99,93,90,8.05,US,1618532399
Anloga,5.7947,0.8973,84.2,74,20,8.05,GH,1618532900
Araranguá,-28.9347,-49.4858,65.57,82,75,2.59,BR,1618532913
Medeiros Neto,-17.3739,-40.2206,71.92,68,100,5.21,BR,1618532732
Athabasca,54.7169,-113.2854,62.6,19,2,2.3,CA,1618532925
Atar,20.5169,-13.0499,77.95,22,17,7.72,MR,1618532932
Butaritari,3.0707,172.7902,82.44,74,98,9.33,KI,1618532938
Dunmore Town,25.5,-76.65,73.15,66,6,4.25,BS,1618532945
Husavik,66.0449,-17.3389,51.8,66,75,27.63,IS,1618532951
Jiehu,35.5428,118.455,61.0,77,66,1.01,CN,1618532957
Tiksi,71.6872,128.8694,3.67,97,98,2.82,RU,1618532964
Poronaysk,49.2167,143.1167,38.34,59,3,5.82,RU,1618532971
Fare,-16.7,-151.0167,82.49,73,25,10.33,PF,1618532977
Atlantic City,39.3643,-74.4229,57.0,67,75,9.22,US,1618532984
Katangli,51.7102,143.2326,33.13,88,10,10.69,RU,1618532990
Chiredzi,-21.05,31.6667,64.35,71,0,4.34,ZW,1618532997
Hofn,64.2539,-15.2082,45.39,96,100,22.44,IS,1618533003
Nome,64.5011,-165.4064,30.0,86,20,14.97,US,1618533010
East London,-33.0153,27.9116,64.11,67,100,21.09,ZA,1618533016
Clyde River,70.4692,-68.5914,5.0,78,1,27.63,CA,1618533023
Ilulissat,69.2167,-51.1,8.6,72,20,6.91,GL,1618533029
Mwinilunga,-11.7358,24.4293,59.72,91,95,3.13,ZM,1618533036
San Rafael,-34.6177,-68.3301,67.87,42,0,4.7,AR,1618533042
Yangambi,0.8102,24.4336,69.24,99,100,3.36,CD,1618533049
Loíza,18.4313,-65.8802,75.2,73,1,9.22,PR,1618533055
Baldeogarh,24.755,79.0681,80.73,29,1,9.73,IN,1618533062
Gryfice,53.9165,15.2003,39.99,75,75,9.22,PL,1618533068
Arak,34.0917,49.6892,51.15,23,39,1.63,IR,1618532868
Ahipara,-35.1667,173.1667,68.58,59,0,7.23,NZ,1618533081
Tezu,27.9167,96.1667,79.95,34,100,0.6,IN,1618533087
San Blas,21.5167,-105.2667,82.4,51,1,9.22,MX,1618533094
Iqaluit,63.7506,-68.5145,6.8,72,75,10.36,CA,1618533100
Cayenne,4.9333,-52.3333,82.0,83,75,8.05,GF,1618533107
Petatlán,17.5167,-101.2667,86.0,58,40,4.16,MX,1618533004
Asău,46.4333,26.4,41.0,87,75,4.61,RO,1618533120
Poya,-21.35,165.15,79.75,80,99,6.96,NC,1618533126
Hong Kong,22.2855,114.1577,73.0,89,100,1.01,HK,1618532983
Naze,28.3667,129.4833,71.6,78,75,10.36,JP,1618533139
Saint-Philippe,-21.3585,55.7679,77.0,78,0,5.75,RE,1618533145
Esperance,-33.8667,121.9,57.2,100,40,8.05,AU,1618533152
Eura,61.1333,22.1333,35.6,64,0,3.44,FI,1618533158
San Juan Bautista,-14.0108,-75.7358,66.2,82,0,18.41,PE,1618533171
Abhā,18.2164,42.5053,62.6,59,20,6.91,SA,1618533178
Oktyabr'skoye,43.0645,44.7417,39.2,87,12,6.71,RU,1618533184
Pisco,-13.7,-76.2167,66.2,82,0,18.41,PE,1618533191
Ancud,-41.8697,-73.8203,51.8,87,75,4.61,CL,1618533197
Saint Anthony,45.0205,-93.218,50.0,57,90,8.05,US,1618533204
Honiara,-9.4333,159.95,87.35,65,10,4.34,SB,1618533210
Sault Ste. Marie,46.5168,-84.3333,39.2,70,90,12.66,CA,1618533103
Tokur,53.1333,132.9,28.06,61,91,2.84,RU,1618533223
Doha,25.2867,51.5333,75.2,41,0,11.5,QA,1618533152
Kwang Binh,17.4833,106.6,76.87,85,58,0.83,VN,1618533236
Palivere,58.9664,23.8911,37.0,68,83,5.99,EE,1618533242
San Miguel,13.4833,-88.1833,86.0,89,40,4.61,SV,1618533249
Petropavlovsk-Kamchatskiy,53.0452,158.6483,35.6,44,20,17.9,RU,1618533255
South Lake Tahoe,38.9332,-119.9844,57.2,34,90,6.93,US,1618533262
Karratha,-20.7377,116.8463,82.58,45,0,19.77,AU,1618533268
Flinders,-34.5833,150.8552,70.0,57,44,5.99,AU,1618533275
Synya,65.3718,58.0387,19.31,80,54,5.48,RU,1618533287
Halifax,44.6453,-63.5724,36.0,87,3,5.75,CA,1618532999
Ponta do Sol,32.6667,-17.1,64.4,72,75,5.75,PT,1618533300
San Cristobal,7.7669,-72.225,82.4,69,75,4.61,VE,1618533307
Waverly,42.7392,-84.6208,42.8,75,90,11.5,US,1618533313
Semenyih,2.9516,101.843,79.0,94,40,2.3,MY,1618533320
Aksarka,66.5606,67.7975,3.49,86,83,1.25,RU,1618533326
Comodoro Rivadavia,-45.8667,-67.5,62.6,36,0,6.91,AR,1618533332
San Quintín,30.4833,-115.95,59.16,68,100,15.14,MX,1618533339
Sur,22.5667,59.5289,84.07,39,0,9.48,OM,1618533346
Belmonte,-15.8631,-38.8828,75.2,73,40,2.3,BR,1618533352
Matagami,49.7502,-77.6328,50.0,66,1,17.27,CA,1618533153
Taoudenni,22.6783,-3.9836,81.12,14,1,10.69,ML,1618533371
Natal,-5.795,-35.2094,78.8,83,20,8.05,BR,1618533096
Houma,29.5958,-90.7195,69.01,83,90,6.91,US,1618533384
Vardø,70.3705,31.1107,37.09,78,100,20.09,NO,1618533390
Eydhafushi,5.1033,73.0708,83.5,68,100,6.04,MV,1618533397
Rupert,42.6191,-113.6772,46.4,61,90,2.68,US,1618533403
Saint Paul Harbor,57.79,-152.4072,42.8,75,90,9.22,US,1618533410
Boende,-0.2167,20.8667,71.6,98,100,2.75,CD,1618533416
Todos Santos,23.45,-110.2167,68.0,74,1,5.99,MX,1618533423
Tonj,7.2737,28.6822,77.79,52,99,4.14,SS,1618533429
Banjar,-8.19,114.9675,82.4,78,20,2.3,ID,1618533436
Kavieng,-2.5744,150.7967,82.65,72,74,6.51,PG,1618533442
Valdivia,-39.8142,-73.2459,55.4,94,20,3.44,CL,1618533234
Kovdor,67.5662,30.4758,28.58,89,100,4.88,RU,1618533455
Cabo San Lucas,22.8909,-109.9124,84.2,30,1,10.36,MX,1618533169
Torbay,47.6666,-52.7314,33.01,93,90,19.57,CA,1618533329
Sarakhs,36.5449,61.1577,60.8,44,82,2.3,IR,1618533474
Alice Springs,-23.7,133.8833,64.4,48,75,11.5,AU,1618533481
São João da Barra,-21.6403,-41.0511,72.52,67,100,7.25,BR,1618533487
Smithers,54.7804,-127.1743,71.6,20,1,3.44,CA,1618533494
Brewster,41.3973,-73.6171,45.0,95,100,3.0,US,1618533500
Palmer,42.1584,-72.3287,42.8,87,90,3.44,US,1618533311
Huautla,21.0333,-98.2833,82.27,58,0,8.52,MX,1618533513
Korla,41.7597,86.1469,56.48,23,64,9.46,CN,1618533520
Shaoguan,24.8,113.5833,67.37,95,100,1.95,CN,1618533526
Honningsvåg,70.9821,25.9704,34.41,99,100,14.41,NO,1618533533
Pundaguitan,6.3711,126.1689,81.61,75,100,4.61,PH,1618533539
Kungurtug,50.5994,97.5228,25.36,69,13,1.9,RU,1618533545
Sioux Lookout,50.1001,-91.917,44.6,42,20,5.75,CA,1618533552
Stornoway,58.2093,-6.3865,46.0,93,83,5.75,GB,1618533558
Lorengau,-2.0226,147.2712,84.88,66,43,4.14,PG,1618533565
Coquimbo,-29.9533,-71.3436,59.0,82,90,4.61,CL,1618533424
Itatinga,-23.1017,-48.6158,60.26,97,44,6.31,BR,1618533579
Tautira,-17.7333,-149.15,87.8,66,75,13.8,PF,1618533585
Boromo,11.75,-2.9333,93.97,22,52,3.56,BF,1618533592
Te Anau,-45.4167,167.7167,53.06,60,11,6.78,NZ,1618533598
Upernavik,72.7868,-56.1549,-16.56,99,49,3.8,GL,1618533605
Zárate,-34.0981,-59.0286,66.99,77,0,3.36,AR,1618533424
Dubti,11.7361,41.0853,80.94,54,3,7.23,ET,1618533618
Kalmunai,7.4167,81.8167,77.54,82,100,5.7,LK,1618533624
Independência,-5.3964,-40.3086,72.5,91,100,3.53,BR,1618533631
Saint-Joseph,-21.3667,55.6167,75.2,78,0,5.75,RE,1618533637
Khandyga,62.6667,135.6,23.09,89,100,3.91,RU,1618533644
Shenjiamen,29.9576,122.298,59.25,76,6,1.77,CN,1618533650
Curup,-3.4667,102.5333,67.24,98,100,1.48,ID,1618533657
Dakar,14.6937,-17.4441,66.2,100,72,13.8,SN,1618533173
Thompson,55.7435,-97.8558,42.8,33,75,5.75,CA,1618533669
Guerrero Negro,27.9769,-114.0611,60.48,64,100,20.54,MX,1618533406
Fontem,5.4685,9.8818,69.24,88,99,2.71,CM,1618533682
Scarborough,54.2797,-0.4044,34.0,90,4,1.68,GB,1618533689
Souillac,-20.5167,57.5167,75.2,100,75,4.61,MU,1618533695
Gurupá,-1.405,-51.64,73.58,96,100,3.36,BR,1618533702
San Patricio,28.017,-97.5169,72.0,94,90,16.11,US,1618533708
Kajaani,64.2273,27.7285,23.0,93,0,2.3,FI,1618533715
Marsala,37.7966,12.4352,55.4,94,75,5.75,IT,1618533721
Lat Yao,15.751,99.7893,84.99,81,76,3.58,TH,1618533728
Havøysund,70.9963,24.6622,39.2,87,75,24.16,NO,1618533734
Lagoa,39.05,-27.9833,61.38,84,100,11.21,PT,1618533741
Siuna,13.7332,-84.7773,75.42,67,25,3.44,NI,1618533747
Henderson,36.0397,-114.9819,73.99,12,1,3.44,US,1618533538
Bilibino,68.0546,166.4372,19.24,82,100,3.74,RU,1618533767
Los Llanos de Aridane,28.6585,-17.9182,68.0,73,40,18.41,ES,1618533773
Iralaya,15.0,-83.2333,82.4,83,40,9.22,HN,1618533780
Raton,36.9034,-104.4391,43.0,81,90,16.11,US,1618533786
Arraial do Cabo,-22.9661,-42.0278,74.64,67,7,12.77,BR,1618533793
Viedma,-40.8135,-62.9967,56.93,79,6,4.32,AR,1618533799
Port Blair,11.6667,92.75,82.78,75,100,7.29,IN,1618533806
Shonguy,68.7526,33.146,35.6,75,0,4.47,RU,1618533812
Manoel Urbano,-8.8389,-69.2597,73.74,94,94,2.06,BR,1618533819
Longyearbyen,78.2186,15.6401,19.4,73,90,3.44,SJ,1618533755
Kloulklubed,7.0419,134.2556,79.5,88,100,43.64,PW,1618533831
Namatanai,-3.6667,152.4333,84.69,68,99,5.53,PG,1618533838
Safaga,26.7292,33.9365,71.6,28,0,10.36,EG,1618533844
Fairbanks,64.8378,-147.7164,48.2,34,40,4.61,US,1618533621
Port Lincoln,-34.7333,135.8667,63.32,65,19,7.34,AU,1618533857
Mae Hong Son,19.3003,97.9685,77.0,73,20,1.14,TH,1618533864
Paraíso,9.8383,-83.8656,69.8,88,90,10.36,CR,1618533870
Coracora,-15.0333,-73.7833,50.9,79,7,1.28,PE,1618533877
Konotop,51.2403,33.2026,46.99,94,100,4.7,UA,1618533883
Thinadhoo,0.5333,72.9333,82.26,66,12,6.17,MV,1618533890
Sulangan,11.1373,123.7228,82.0,79,100,11.97,PH,1618533896
Bathsheba,13.2167,-59.5167,80.6,65,20,18.41,BB,1618533903
Roswell,34.0232,-84.3616,64.4,42,1,8.05,US,1618533626
Jos,9.9167,8.9,78.04,24,100,1.48,NG,1618533916
Tutóia,-2.7619,-42.2744,77.31,89,74,6.15,BR,1618533922
Zhangjiakou,40.81,114.8794,43.39,21,100,13.91,CN,1618533929
Havre-St-Pierre,50.2334,-63.5986,35.6,80,1,3.44,CA,1618533935
Minsk,53.9,27.5667,44.6,93,90,8.95,BY,1618533942
Zhuanghe,39.7008,122.9911,51.08,37,0,17.83,CN,1618533948
Trairi,-3.2778,-39.2689,76.37,91,93,8.21,BR,1618533955
Pevek,69.7008,170.3133,23.25,76,100,25.68,RU,1618533961
Katobu,-4.9408,122.5276,82.45,67,100,2.1,ID,1618533968
Hibbing,47.4272,-92.9377,51.8,50,20,10.36,US,1618533974
Alta Floresta,-9.8756,-56.0861,72.0,96,100,0.94,BR,1618533981
Yabēlo,4.8833,38.0833,58.55,83,46,5.57,ET,1618533987
Peebles,55.6519,-3.1888,41.0,79,2,4.25,GB,1618533994
Rawson,-43.3002,-65.1023,60.84,44,0,12.59,AR,1618533928
Paka,4.6374,103.4368,77.0,94,20,2.08,MY,1618534007
Cidreira,-30.1811,-50.2056,71.51,79,92,14.92,BR,1618534013
Mazagão,-0.115,-51.2894,77.0,94,40,2.3,BR,1618534020
Elizabeth City,36.2946,-76.2511,60.8,77,75,5.75,US,1618534026
Presidencia Roque Sáenz Peña,-26.7852,-60.4388,73.0,81,12,11.01,AR,1618534033
Labuhan,-6.8844,112.2051,80.4,79,57,5.23,ID,1618534039
Filingué,14.3521,3.3168,84.15,12,9,6.62,NE,1618534046
Lahat,-3.8,103.5333,72.57,98,100,1.79,ID,1618534052
Abu Kamal,34.4506,40.9171,66.63,24,6,6.73,SY,1618534071
Benjamín Aceval,-24.9667,-57.5667,80.6,74,75,9.22,PY,1618534078
Buala,-8.145,159.5921,85.75,69,29,3.62,SB,1618534084
Dvurechensk,56.5982,61.0953,42.8,75,20,13.42,RU,1618534091
Usinsk,65.9939,57.5281,20.07,77,100,13.85,RU,1618534098
Maraã,-1.8333,-65.3667,77.86,77,89,1.01,BR,1618534104
Ojinaga,29.5667,-104.4167,87.8,8,1,3.44,MX,1618534111
Pangnirtung,66.1451,-65.7125,-12.15,87,16,7.4,CA,1618534117
Cherskiy,68.75,161.3,24.15,89,100,12.91,RU,1618534124
Salalah,17.0151,54.0924,78.8,73,0,3.44,OM,1618534130
Bay-Khaak,51.1667,94.5,39.38,49,6,2.26,RU,1618534136
Ostrovnoy,68.0531,39.5131,29.17,97,100,4.76,RU,1618534143
Kawalu,-7.3817,108.2082,76.96,83,92,1.01,ID,1618534149
Porto Velho,-8.7619,-63.9039,78.8,94,40,1.28,BR,1618534156
Shahrud,36.4182,54.9763,53.92,61,5,4.41,IR,1618534035
Henties Bay,-22.116,14.2845,73.38,59,100,5.86,NA,1618534169
Okha,53.5739,142.9478,31.51,86,8,9.89,RU,1618534175
Anito,12.4497,125.2886,80.38,88,100,8.5,PH,1618534182
Bethel,41.3712,-73.414,45.0,95,100,3.0,US,1618534188
São Filipe,14.8961,-24.4956,72.55,73,0,13.27,CV,1618534195
Marsá Maţrūḩ,31.3525,27.2453,62.6,63,0,8.05,EG,1618534201
Moose Factory,51.2585,-80.6094,32.0,86,90,11.5,CA,1618534208
Touros,-5.1989,-35.4608,77.0,88,20,5.75,BR,1618534214
Palana,59.1167,159.9667,25.99,75,100,18.34,RU,1618534221
Talnakh,69.4865,88.3972,-16.4,96,93,17.78,RU,1618534227
Erzin,36.9559,36.2,59.0,81,100,2.75,TR,1618534234
Venado Tuerto,-33.7456,-61.9688,66.0,99,0,1.99,AR,1618534240
Vorukh,39.8494,70.5838,48.65,55,56,6.69,TJ,1618534253
Haines Junction,60.7522,-137.5108,48.2,37,54,6.91,CA,1618534259
Kiruna,67.8557,20.2251,28.4,74,15,5.75,SE,1618534266
Nanning,22.8167,108.3167,69.8,88,90,6.71,CN,1618534272
Purpe,64.4803,76.6897,-0.0,76,13,5.99,RU,1618534279
Ozernovskiy,51.5,156.5167,31.03,70,100,16.73,RU,1618534285
Shelburne,44.0787,-80.2041,39.0,96,100,10.31,CA,1618534292
Malbork,54.0359,19.0266,41.0,85,100,8.95,PL,1618534298
Kaoma,-14.7833,24.8,59.77,71,49,5.08,ZM,1618534305
Tromsø,69.6496,18.957,39.2,75,75,16.11,NO,1618534311
Hasaki,35.7333,140.8333,57.2,62,75,8.05,JP,1618534318
Forestville,38.8451,-76.875,55.0,40,90,17.27,US,1618534324
Klaksvík,62.2266,-6.589,44.6,87,21,18.41,FO,1618534331
Allada,6.6655,2.1514,84.2,79,40,10.36,BJ,1618534344
Severo-Kuril'sk,50.6789,156.125,31.8,71,98,21.34,RU,1618534350
Qaqortoq,60.7167,-46.0333,30.2,37,75,17.27,GL,1618534357
Nortelândia,-14.4547,-56.8028,74.95,79,82,2.46,BR,1618534363
Port Hawkesbury,45.6169,-61.3485,36.0,86,1,3.44,CA,1618534370
Vrangel',42.7297,133.0839,42.46,80,100,15.95,RU,1618534376
Iranshahr,27.2025,60.6848,73.4,28,0,6.91,IR,1618534383
Seydi,39.4816,62.9137,63.61,22,0,3.96,TM,1618534389
Amalāpuram,16.5833,82.0167,78.8,73,61,5.75,IN,1618534396
Matara,5.9485,80.5353,76.77,88,100,4.54,LK,1618534402
Khoy,38.5504,44.9535,52.41,38,11,3.27,IR,1618534409
Srednekolymsk,67.45,153.6833,16.07,85,100,8.99,RU,1618534415
Bubaque,11.2833,-15.8333,76.96,73,0,9.26,GW,1618534421
Angoche,-16.2325,39.9086,73.0,86,20,8.14,MZ,1618534428
Copiapó,-27.3667,-70.3333,60.8,77,90,5.75,CL,1618534434
Luanda,-8.8368,13.2343,80.6,89,75,5.75,AO,1618534261
San Carlos del Zulia,9.0,-71.9135,78.75,83,42,3.2,VE,1618534447
Mahon,39.8885,4.2658,51.8,76,40,6.91,ES,1618534454
Bielsk Podlaski,52.7651,23.1865,41.0,89,100,4.0,PL,1618534460
Mayo,38.8876,-76.5119,54.0,51,99,7.0,US,1618534467
Bayonet Point,28.3267,-82.6834,73.99,84,100,10.67,US,1618534473
Bentiu,9.2333,29.8333,82.13,12,100,2.44,SS,1618534481
Olafsvik,64.8945,-23.7142,43.97,94,99,17.6,IS,1618534487
Mackay,-21.15,149.2,81.0,69,40,11.5,AU,1618534500
Saldanha,-33.0117,17.9442,69.8,52,8,6.91,ZA,1618534507
Shizunai-furukawachō,42.3339,142.3669,45.57,64,96,9.24,JP,1618534513
Kiryat Gat,31.61,34.7642,66.0,84,100,1.99,IL,1618534502
Grand Gaube,-20.0064,57.6608,78.01,85,71,5.01,MU,1618534507
Bukachacha,52.9833,116.9167,37.35,31,0,5.26,RU,1618534532
Bangsund,64.3968,11.3949,42.01,84,85,5.99,NO,1618534539
Port Macquarie,-31.4333,152.9167,73.99,42,76,3.0,AU,1618534388
Yatou,37.15,122.3833,54.14,32,43,16.24,CN,1618534552
Adrar,20.5022,-10.0711,74.68,22,80,11.34,MR,1618534558
Sistranda,63.7256,8.834,39.2,93,0,8.05,NO,1618534565
Nautla,20.2167,-96.7833,78.93,81,87,11.99,MX,1618534572
Brae,60.3964,-1.353,44.6,70,75,11.5,GB,1618534578
Ust'-Omchug,61.15,149.6333,18.28,78,100,6.89,RU,1618534585
Deloraine,-41.5333,146.6667,55.0,58,5,1.99,AU,1618534591
Lucan,53.3592,-6.4389,39.2,70,20,4.61,IE,1618534501
Boddam,57.4667,-1.7833,39.0,87,17,8.05,GB,1618534604
Pemangkat,1.1667,108.9667,80.2,80,100,4.23,ID,1618534610
Vila do Maio,15.1333,-23.2167,69.8,78,40,20.71,CV,1618534617
Pervomayskiy,53.2485,40.2871,50.0,68,100,1.7,RU,1618534623
Tanout,14.9709,8.8879,77.97,7,0,10.63,NE,1618534630
Gijón,43.5357,-5.6615,45.0,70,0,5.75,ES,1618534636
Hearst,49.6835,-83.6665,28.4,93,100,9.22,CA,1618534643
Basco,20.4487,121.9702,79.32,76,11,10.2,PH,1618534649
Cascais,38.6979,-9.4215,61.0,85,24,8.46,PT,1618534662
Nikolskoye,59.7035,30.7861,37.4,60,0,8.95,RU,1618534669
Rongcheng,30.634,117.8517,69.04,72,99,1.92,CN,1618534675
Laguna,38.421,-121.4238,75.99,17,1,5.75,US,1618534682
Galle,6.0367,80.217,79.74,80,99,4.54,LK,1618534684
Chipinge,-20.1883,32.6236,57.24,69,36,2.46,ZW,1618534701
Kabinda,-6.1333,24.4833,66.13,95,61,3.51,CD,1618534708
Arrondissement de Perpignan,42.75,2.75,46.99,49,0,5.75,FR,1618534714
Niquelândia,-14.4739,-48.4597,71.83,61,65,2.37,BR,1618534721
Malakal,9.5334,31.6605,84.07,12,99,6.31,SS,1618534727
Kruisfontein,-34.0033,24.7314,61.0,67,100,3.0,ZA,1618534734
Bambanglipuro,-7.95,110.2833,80.28,78,45,1.81,ID,1618534740
Baykit,61.67,96.37,31.41,86,100,13.18,RU,1618534747
Manga,11.6636,-1.0731,91.72,21,50,2.37,BF,1618534753
Kehychivka,49.2866,35.7615,44.53,92,100,12.1,UA,1618534631
Poso,-1.3959,120.7524,83.71,66,84,1.74,ID,1618534748
Kutum,14.2,24.6667,66.81,11,72,8.28,SD,1618534773
Yar-Sale,66.8333,70.8333,-6.39,89,7,9.66,RU,1618534779
Genhe,50.7833,121.5167,32.25,59,100,13.89,CN,1618534786
Caravelas,-17.7125,-39.2481,72.84,75,9,6.69,BR,1618534792
Arrondissement de Vannes,47.8333,-2.5,37.4,81,0,9.22,FR,1618534799
Teplá,49.98,12.8643,32.0,80,90,6.91,CZ,1618534806
Bestöbe,52.4994,73.0975,45.45,61,0,8.81,KZ,1618534813
Itarema,-2.9248,-39.9167,77.85,87,90,10.54,BR,1618534819
Carutapera,-1.195,-46.02,75.94,93,97,5.95,BR,1618534826
Broome,42.2506,-75.833,41.0,87,90,9.22,US,1618534832
Tucuruí,-3.7661,-49.6725,74.59,94,100,2.68,BR,1618534839
Cajati,-24.7361,-48.1228,68.68,88,99,1.99,BR,1618534846
Sri Aman,1.2376,111.4621,77.0,94,20,4.61,MY,1618534852
Acapulco de Juárez,16.8634,-99.8901,82.4,74,75,8.05,MX,1618534859
Halvad,23.0167,71.1833,75.72,75,0,8.84,IN,1618534865
Mount Isa,-20.7333,139.5,86.0,21,0,9.22,AU,1618534851
Leningradskiy,69.3833,178.4167,30.4,72,100,9.62,RU,1618534878
Kupang,-10.1667,123.5833,80.6,68,28,6.24,ID,1618534884
Saint-Donat-de-Montcalm,46.3187,-74.2219,44.6,100,100,11.77,CA,1618534891
Udachny,66.4167,112.4,23.5,91,100,23.91,RU,1618534897
Río Cuarto,-33.1307,-64.3499,69.8,64,0,4.61,AR,1618534904
Kiama,-34.6833,150.8667,64.4,55,40,17.27,AU,1618534911
Santiago de Cuba,20.0247,-75.8219,78.8,65,20,3.44,CU,1618534813
Nishihara,26.1842,127.7558,73.4,83,90,8.05,JP,1618534923
Malinyi,-8.9333,36.1333,68.67,97,90,0.87,TZ,1618534930
Fano,43.8204,13.0121,39.99,87,8,3.44,IT,1618534936
Albemarle,35.3501,-80.2001,59.0,67,1,4.61,US,1618534943
Neepawa,50.2289,-99.4664,41.0,70,90,2.3,CA,1618534949
Beringovskiy,63.05,179.3167,34.21,95,100,9.28,RU,1618534956
Pangai,-19.8,-174.35,82.4,78,75,6.91,TO,1618534962
Luau,-10.7073,22.2247,62.46,95,91,3.78,AO,1618534969
Inawashiro,37.5667,140.1167,57.99,58,40,13.8,JP,1618534975
Dingle,10.9995,122.6711,83.68,70,100,8.12,PH,1618534982
Snezhnogorsk,69.1933,33.2531,35.6,75,0,4.47,RU,1618534988
Assaí,-23.3733,-50.8414,71.6,60,0,7.47,BR,1618534995
Umba,66.6871,34.3429,32.63,92,93,10.18,RU,1618535002
Gongzhuling,43.5008,124.8198,43.0,66,99,23.15,CN,1618535008
Hōjō,33.9766,132.7777,59.0,67,40,13.8,JP,1618535015
Tarquinia,42.2482,11.7553,42.01,80,100,1.99,IT,1618535021
Marawi,7.9986,124.2928,82.0,84,100,5.99,PH,1618535028
Río Gallegos,-51.6226,-69.2181,57.2,38,0,24.16,AR,1618534943
La Ronge,55.1001,-105.2842,50.0,32,47,10.36,CA,1618535040
Aitape,-3.1374,142.3475,85.24,66,100,3.47,PG,1618535047
Ukiah,39.1502,-123.2078,69.8,35,1,4.61,US,1618535053
Novo Cruzeiro,-17.4681,-41.8753,59.68,95,30,2.53,BR,1618535060
Noyabrsk,63.1994,75.4507,14.22,80,97,21.83,RU,1618535066
Broken Hill,-31.95,141.4333,60.8,59,0,14.97,AU,1618535073
Rocha,-34.4833,-54.3333,63.09,92,50,4.88,UY,1618535079
Opuwo,-18.0607,13.84,68.54,60,99,0.92,NA,1618535086
Westport,41.1415,-73.3579,45.0,93,90,9.22,US,1618534841
Freetown,8.484,-13.2299,79.07,86,92,7.61,SL,1618535099
Banes,20.9625,-75.7186,75.2,64,0,10.36,CU,1618535105
Sorong,-0.8833,131.25,84.07,69,100,12.39,ID,1618535112
Senno,59.5336,33.9167,33.67,80,94,8.25,RU,1618535118
Aktau,43.65,51.2,53.6,71,0,15.66,KZ,1618535125
Lavrentiya,65.5833,-171.0,19.29,89,99,7.18,RU,1618535138
Tommot,58.9564,126.2925,31.12,75,99,12.19,RU,1618535144
Tucupita,9.0622,-62.051,76.17,86,58,6.26,VE,1618535151
Wanaka,-44.7,169.15,48.49,88,100,4.59,NZ,1618535157
Mareeba,-17.0,145.4333,86.0,78,10,8.99,AU,1618535164
Belaya Gora,68.5333,146.4167,7.16,89,100,5.23,RU,1618535170
Kapfenberg,47.454,15.2702,33.01,73,90,3.91,AT,1618535177
Maniwaki,46.3834,-75.966,46.4,93,100,4.05,CA,1618535183
Beloha,-25.1667,45.05,69.98,92,8,5.97,MG,1618535196
Nizwá,22.9333,57.5333,75.81,26,27,2.06,OM,1618535203
Necochea,-38.5473,-58.7368,55.99,95,2,5.7,AR,1618534990
Avera,33.194,-82.5271,64.4,55,1,6.91,US,1618535216
Berdigestyakh,62.0989,126.6992,28.44,88,98,6.89,RU,1618535222
Pozoblanco,38.3791,-4.8483,53.6,94,0,1.14,ES,1618535229
Hvide Sande,56.0045,8.1294,32.0,78,57,11.36,DK,1618535235
Altagracia de Orituco,9.8601,-66.3814,77.13,83,96,2.33,VE,1618535242
Deputatsky,69.3,139.9,4.01,84,79,3.0,RU,1618535248
Acaraú,-2.8856,-40.12,78.17,87,90,11.39,BR,1618535255
Kampen,52.555,5.9111,34.0,88,15,6.38,NL,1618535267
Bandar-e Lengeh,26.5579,54.8807,73.4,68,96,4.61,IR,1618535235
Linguère,15.3953,-15.1193,84.2,51,0,6.91,SN,1618535280
Severnyy,50.677,36.5532,42.8,100,90,6.71,RU,1618535287
Dickinson,29.4608,-95.0513,70.0,78,90,8.05,US,1618535293
Kang,-23.6752,22.7876,70.66,33,98,7.58,BW,1618535300
Beidao,34.5686,105.8933,54.0,36,100,2.84,CN,1618535306
Ulety,51.3572,112.4849,33.78,47,50,8.63,RU,1618535319
Lima,-12.0432,-77.0282,69.01,88,90,9.22,PE,1618534863
Balaipungut,1.05,101.2833,77.0,88,20,3.58,ID,1618535332
Ust'-Koksa,50.2696,85.6108,39.72,75,3,1.21,RU,1618535338
Tarata,-17.6167,-66.0167,56.75,79,3,4.65,BO,1618535345
Tura,25.5198,90.2201,79.97,45,22,5.32,IN,1618535351
Rome,43.2128,-75.4557,41.0,75,90,4.61,US,1618535283
Noumea,-22.2763,166.4572,78.01,83,90,18.41,NC,1618535310
Evensk,61.95,159.2333,27.72,93,100,12.42,RU,1618535370
Kiunga,-6.1219,141.2906,87.57,57,19,3.29,PG,1618535377
Poum,-20.2333,164.0167,79.81,76,87,1.45,NC,1618535384
Mossamedes,-15.1961,12.1522,81.07,75,5,4.41,AO,1618535391
Aberystwyth,52.4155,-4.0829,30.99,100,6,4.38,GB,1618535397
Southbridge,42.0751,-72.0334,39.99,99,100,1.99,US,1618535404
Jumla,29.2747,82.1838,47.46,62,6,4.18,NP,1618534877
Owando,-0.4819,15.8999,72.27,93,100,0.96,CG,1618535417
Bud,39.447,-86.1758,48.0,65,6,2.46,US,1618535429
Aquiraz,-3.9014,-38.3911,81.0,89,75,6.91,BR,1618535436
Malindi,-3.2175,40.1191,81.23,78,100,12.17,KE,1618535442
Mergen,49.1833,125.2167,35.42,99,100,11.72,CN,1618535449
Gizo Government Station,-8.103,156.8419,85.03,70,41,4.0,SB,1618535456
Calabozo,8.9242,-67.4293,82.83,67,100,3.78,VE,1618535468
Christchurch,-43.5333,172.6333,75.0,27,0,21.85,NZ,1618535475
Mersing,2.4312,103.8405,75.2,94,20,4.61,MY,1618535481
Riviere-au-Renard,48.9957,-64.3971,30.2,86,1,4.56,CA,1618535494
Byron Bay,-28.65,153.6167,77.0,57,4,10.36,AU,1618535344
Chail,25.4333,81.6333,83.8,25,1,8.46,IN,1618535507
Mehamn,71.0357,27.8492,35.13,89,100,21.41,NO,1618535514
Oberstdorf,47.4,10.2833,27.0,84,21,5.84,DE,1618535520
Paiçandu,-23.4575,-52.0486,73.4,56,0,5.75,BR,1618535527
Shitanjing,39.2342,106.3439,36.61,39,0,16.91,CN,1618535533
Nouadhibou,20.931,-17.0347,66.2,77,0,17.27,MR,1618535546
Fayaoué,-20.65,166.5333,79.97,78,100,3.83,NC,1618535552
Zhuhai,22.2769,113.5678,77.0,88,40,9.22,CN,1618535345
Dillon,34.4166,-79.3712,66.0,88,90,6.31,US,1618535572
Paranaíba,-19.6772,-51.1908,72.39,65,56,4.61,BR,1618535578
Waingapu,-9.6567,120.2641,80.82,70,98,4.29,ID,1618535585
Iskateley,67.6803,53.1512,23.94,83,25,14.09,RU,1618535591
Aldan,58.6031,125.3894,26.17,80,80,12.39,RU,1618535598
Isangel,-19.55,169.2667,86.0,74,40,8.05,VU,1618535604
Labuan,5.2767,115.2417,82.4,78,20,2.3,MY,1618535611
Kudahuvadhoo,2.6708,72.8944,82.44,69,89,7.23,MV,1618535617
Launceston,-41.45,147.1667,55.99,54,5,11.5,AU,1618535521
Port Hardy,50.6996,-127.4199,62.6,48,1,8.05,CA,1618535630
Berlevåg,70.8578,29.0864,36.23,87,100,24.58,NO,1618535637
Aranos,-24.1333,19.1167,69.87,22,40,7.78,NA,1618535643
Hambantota,6.1241,81.1185,73.4,100,20,3.44,LK,1618535656
Ilhabela,-23.7781,-45.3581,72.57,79,21,9.46,BR,1618535663
Weiser,44.251,-116.9693,66.2,20,20,4.61,US,1618535669
Coyhaique,-45.5752,-72.0662,51.8,71,75,4.61,CL,1618535404
Burē,10.7,37.0667,61.07,53,9,3.47,ET,1618535682
Vändra,58.6481,25.0361,35.01,62,90,5.01,EE,1618535689
Pavlogradka,54.2024,73.5592,41.09,81,13,9.62,RU,1618535695
Kuah,6.3265,99.8432,80.6,89,20,3.96,MY,1618535702
Manaure,11.7751,-72.4445,82.4,72,98,16.75,CO,1618535709
Patrocínio,-18.9439,-46.9925,69.8,68,0,9.22,BR,1618535716
Zharkent,44.1628,80.0,56.64,24,42,0.72,KZ,1618535722
Hirara,24.8,125.2833,73.4,94,75,11.5,JP,1618535729
El Alto,-4.2714,-81.2147,69.42,74,100,10.29,PE,1618535736
Lensk,60.7253,114.9278,28.51,84,100,17.07,RU,1618535742
Taltal,-25.4,-70.4833,63.43,81,26,4.25,CL,1618535749
Yangjiang,21.85,111.9667,76.86,83,100,8.32,CN,1618535761
Jackson,42.4165,-122.8345,71.6,20,1,8.05,US,1618535768
Arman',59.7,150.1667,26.4,73,53,5.5,RU,1618535774
Yazoo City,32.8551,-90.4056,66.2,55,1,3.44,US,1618535542
Jérémie,18.65,-74.1167,76.05,72,5,2.53,HT,1618535787
Tiruchchendur,8.4833,78.1167,77.0,88,40,6.58,IN,1618535794
Tvøroyri,61.5556,-6.8111,44.6,87,14,20.71,FO,1618535807
Santa Cruz del Sur,20.7147,-77.9956,76.32,67,7,3.04,CU,1618535813
Sawtell,-30.3833,153.1,73.4,49,28,16.11,AU,1618535820
Hede,33.7681,120.2517,61.59,61,100,14.0,CN,1618535827
Margate,51.3813,1.3862,42.01,75,97,1.99,GB,1618535846
Paramonga,-10.6667,-77.8333,67.87,83,90,7.2,PE,1618535852
Ketchikan,55.3422,-131.6461,57.2,51,1,10.36,US,1618535739
Gazli,40.1333,63.45,60.51,26,0,4.68,UZ,1618535865
Omboué,-1.5746,9.2618,78.8,87,100,4.36,GA,1618535836
Ipanema,-30.1391,-51.2244,73.99,78,0,2.55,BR,1618535878
Pathein,16.7833,94.7333,83.37,67,100,7.96,MM,1618535885
Shubarshi,48.5872,57.1869,49.55,52,0,7.16,KZ,1618535891
Kieta,-6.2167,155.6333,85.3,69,91,4.32,PG,1618535898
Dombarovskiy,50.7587,59.5386,45.23,52,13,4.72,RU,1618535905
Zhanakorgan,43.9098,67.2495,55.31,61,7,9.42,KZ,1618535911
Port-Cartier,50.0334,-66.8654,37.0,75,20,11.5,CA,1618535918
Najrān,17.4924,44.1277,77.0,33,72,13.8,SA,1618535924
Chibuto,-24.6867,33.5306,64.63,88,5,3.44,MZ,1618535937
Amga,60.8953,131.9608,30.43,87,92,5.28,RU,1618535943
Mokhsogollokh,61.4681,128.9203,28.87,88,95,6.24,RU,1618535950
Beira,-19.8436,34.8389,73.4,83,20,3.58,MZ,1618535812
Bereda,43.2686,-7.5406,36.0,94,0,5.99,ES,1618535962
Kirando,-7.4167,30.6,70.38,82,100,6.85,TZ,1618535969
Chapleau,47.8405,-83.4034,32.0,93,90,10.36,CA,1618535975
Nemuro,43.3236,145.575,51.8,35,75,12.66,JP,1618535982
Bangkalan,-7.0455,112.7351,84.2,79,20,3.44,ID,1618535988
Kamenka,51.3223,42.7678,48.0,79,85,2.26,RU,1618535995
The Valley,18.217,-63.0578,78.8,69,20,9.22,AI,1618535885
Farafangana,-22.8167,47.8333,73.0,92,17,6.29,MG,1618536009
Vanavara,60.34,102.2797,33.76,97,100,16.46,RU,1618536015
Octeville,49.6261,-1.6435,44.01,75,75,8.05,FR,1618536022
Dunedin,-45.8742,170.5036,54.0,84,100,4.0,NZ,1618536028
Kahului,20.8947,-156.47,80.6,54,1,14.97,US,1618536035
Baião,-2.7906,-49.6717,73.38,97,100,2.39,BR,1618536048
Dilla,6.41,38.31,63.12,84,60,3.18,ET,1618536054
Bay Roberts,47.5999,-53.2648,33.01,94,100,8.01,CA,1618536060
Vila Franca do Campo,37.7167,-25.4333,57.2,88,20,2.3,PT,1618536067
Province of Mantua,45.1667,10.7833,39.0,85,2,1.99,IT,1618536073
Xingyi,24.1877,102.817,67.71,44,24,5.3,CN,1618536080
Cartagena del Chairá,1.3349,-74.8429,74.23,91,72,0.54,CO,1618536086
Norman Wells,65.282,-126.8329,55.4,28,20,5.75,CA,1618536093
Khovd,48.0056,91.6419,40.68,35,0,0.96,MN,1618536099
Saint-Junien,45.8833,0.9,37.99,56,0,10.36,FR,1618536106
Rio Grande,-32.035,-52.0986,68.74,85,100,3.8,BR,1618536112
Chase,50.8165,-119.6857,73.4,45,1,2.3,CA,1618536119
La Rioja,42.25,-2.5,37.4,81,0,9.22,ES,1618536125
Keti Bandar,24.1447,67.4497,79.21,79,5,9.53,PK,1618536138
Ixtapa,20.7,-105.2,77.0,78,1,6.91,MX,1618536151
Talen,23.5667,76.7167,81.1,27,16,7.05,IN,1618536157
Kokopo,-4.352,152.2633,83.89,66,93,4.18,PG,1618536164
Backnang,48.95,9.4333,33.01,75,94,3.56,DE,1618536170
Jalu,29.0331,21.5482,69.19,25,0,7.54,LY,1618536177
Hongjiang,27.11,109.9956,61.92,96,100,1.74,CN,1618536183
Kambove,-10.8764,26.5969,56.57,95,18,4.23,CD,1618536190
Barcelos,41.5388,-8.6151,57.0,94,0,5.75,PT,1618536196
Waipawa,-41.4122,175.5153,68.0,56,0,20.71,NZ,1618536187
Caucayá,-0.1934,-74.7819,74.57,92,100,1.32,CO,1618536209
Abatskiy,56.2875,70.4555,47.39,88,100,8.79,RU,1618536215
El Copé,8.6167,-80.6,78.8,83,75,4.61,PA,1618536222
Puerto Baquerizo Moreno,-0.9,-89.6,77.45,85,24,3.98,EC,1618536162
Itoman,26.1247,127.6694,75.2,78,75,10.36,JP,1618536234
Zachary,30.6485,-91.1565,69.01,77,1,5.75,US,1618536241
